{
  "accuracy": 0.9632107023411371,
  "f1_macro": 0.9632163545893044,
  "f1_micro": 0.9632107023411371
}