{
  "accuracy": 0.9388157894736842,
  "recall": 0.9006410256410257,
  "f1": 0.8580152671755725,
  "roc_auc": 0.9811566055357446,
  "pr_auc": 0.94671719939952
}