{
  "accuracy": 0.9210526315789473,
  "recall": 0.8974358974358975,
  "f1": 0.8235294117647058,
  "roc_auc": 0.9724552661742232,
  "pr_auc": 0.9121228911825531
}