{
  "accuracy": 0.9230263157894737,
  "recall": 0.8974358974358975,
  "f1": 0.827178729689808,
  "roc_auc": 0.9725667027508914,
  "pr_auc": 0.9115390866407943
}