{
  "folds": 5,
  "media": {
    "accuracy": 0.9041922395842812,
    "precision": 0.7002686325546863,
    "recall": 0.9332997231158272,
    "f1": 0.8000703131415984,
    "roc_auc": 0.9769482316765238,
    "pr_auc": 0.9306087837201839
  },
  "desviacion_estandar": {
    "accuracy": 0.001726558350897862,
    "precision": 0.005797582386404342,
    "recall": 0.014453424147504647,
    "f1": 0.004228119763943234,
    "roc_auc": 0.002872576174024851,
    "pr_auc": 0.00814597981632328
  }
}