{
  "accuracy": 0.9046052631578947,
  "precision": 0.6937354988399071,
  "recall": 0.9583333333333334,
  "f1": 0.8048452220726783,
  "roc_auc": 0.9787514327559859,
  "pr_auc": 0.9399563979260903
}