{
  "accuracy": 0.9388157894736842,
  "recall": 0.907051282051282,
  "f1": 0.858877086494689,
  "roc_auc": 0.9809867974189166,
  "pr_auc": 0.9475155918317748
}