{
  "folds": 5,
  "media": {
    "accuracy": 0.9051209872848253,
    "precision": 0.6996683206655825,
    "recall": 0.9451609289223925,
    "f1": 0.8038684587816942,
    "roc_auc": 0.978302512873392,
    "pr_auc": 0.9358955600422917
  },
  "desviacion_estandar": {
    "accuracy": 0.00864550475473697,
    "precision": 0.021816785022094134,
    "recall": 0.011133851592142011,
    "f1": 0.014752233216827535,
    "roc_auc": 0.004180517186236416,
    "pr_auc": 0.011879669777484747
  }
}