{
  "accuracy": 0.9078947368421053,
  "precision": 0.7009345794392523,
  "recall": 0.9615384615384616,
  "f1": 0.8108108108108109,
  "roc_auc": 0.981474995754797,
  "pr_auc": 0.948230526379926
}