{
  "accuracy": 0.9039473684210526,
  "precision": 0.7054455445544554,
  "recall": 0.9134615384615384,
  "f1": 0.7960893854748603,
  "roc_auc": 0.9738601630157921,
  "pr_auc": 0.9248123434395941
}