{
  "accuracy": 0.9217105263157894,
  "recall": 0.8974358974358975,
  "f1": 0.8247422680412371,
  "roc_auc": 0.9723438295975547,
  "pr_auc": 0.9116496008579911
}