{
  "accuracy": 0.8809210526315789,
  "precision": 0.6420824295010846,
  "recall": 0.9487179487179487,
  "f1": 0.7658473479948253,
  "roc_auc": 0.9723438295975547,
  "pr_auc": 0.9116496008579911
}