{
  "accuracy": 0.9388157894736842,
  "recall": 0.9038461538461539,
  "f1": 0.8584474885844748,
  "roc_auc": 0.981474995754797,
  "pr_auc": 0.948230526379926
}