{
  "accuracy": 0.9269736842105263,
  "recall": 0.9198717948717948,
  "f1": 0.8379562043795621,
  "roc_auc": 0.9723663822380709,
  "pr_auc": 0.8999743750424466
}