{
  "accuracy": 0.9197368421052632,
  "recall": 0.9006410256410257,
  "f1": 0.8216374269005848,
  "roc_auc": 0.9697436428086261,
  "pr_auc": 0.8738399018014824
}