{
  "accuracy": 0.9282894736842106,
  "recall": 0.842948717948718,
  "f1": 0.8283464566929134,
  "roc_auc": 0.9673053043810494,
  "pr_auc": 0.8933314511235365
}