{
  "folds": 5,
  "media": {
    "accuracy": 0.9031476174972346,
    "precision": 0.6968483768476956,
    "recall": 0.9361277828459851,
    "f1": 0.798873814707169,
    "roc_auc": 0.9776439032685907,
    "pr_auc": 0.9328631830374693
  },
  "desviacion_estandar": {
    "accuracy": 0.004508377726714299,
    "precision": 0.011015075180651033,
    "recall": 0.01217083320946225,
    "f1": 0.008427097492109927,
    "roc_auc": 0.002622621333860134,
    "pr_auc": 0.009511783056523834
  }
}