{
  "folds": 5,
  "media": {
    "accuracy": 0.9089528635938047,
    "precision": 0.7114475454483229,
    "recall": 0.9383732654727037,
    "f1": 0.8091068142982685,
    "roc_auc": 0.9784325936868241,
    "pr_auc": 0.9365655883444877
  },
  "desviacion_estandar": {
    "accuracy": 0.008215872786730813,
    "precision": 0.02052214402566996,
    "recall": 0.01576810767403117,
    "f1": 0.01514716505634093,
    "roc_auc": 0.0038983674777878963,
    "pr_auc": 0.011535036921222585
  }
}