{
  "accuracy": 0.9039473684210526,
  "precision": 0.6921296296296297,
  "recall": 0.9583333333333334,
  "f1": 0.803763440860215,
  "roc_auc": 0.9790671697232127,
  "pr_auc": 0.9403972416140736
}