{
  "accuracy": 0.9032894736842105,
  "precision": 0.7017114914425427,
  "recall": 0.9198717948717948,
  "f1": 0.7961165048543689,
  "roc_auc": 0.974016704873493,
  "pr_auc": 0.9245669438311636
}