{
  "accuracy": 0.8848684210526315,
  "precision": 0.6518847006651884,
  "recall": 0.9423076923076923,
  "f1": 0.7706422018348624,
  "roc_auc": 0.973959659959246,
  "pr_auc": 0.9189383659852515
}