{
  "accuracy": 0.9085526315789474,
  "precision": 0.7064439140811456,
  "recall": 0.9487179487179487,
  "f1": 0.8098495212038304,
  "roc_auc": 0.9813158006452709,
  "pr_auc": 0.9473179860601662
}