{
  "accuracy": 0.9282894736842106,
  "recall": 0.8397435897435898,
  "f1": 0.8278041074249605,
  "roc_auc": 0.9668874172185431,
  "pr_auc": 0.8908028649102786
}