{
  "accuracy": 0.9421052631578948,
  "recall": 0.8525641025641025,
  "f1": 0.8580645161290322,
  "roc_auc": 0.9741188550687723,
  "pr_auc": 0.9353085064611636
}