{
  "accuracy": 0.9039473684210526,
  "precision": 0.7054455445544554,
  "recall": 0.9134615384615384,
  "f1": 0.7960893854748603,
  "roc_auc": 0.961216091441671,
  "pr_auc": 0.9128386416761474
}