{
  "accuracy": 0.9046052631578947,
  "precision": 0.7041564792176039,
  "recall": 0.9230769230769231,
  "f1": 0.7988904299583911,
  "roc_auc": 0.974611033282391,
  "pr_auc": 0.9136290620502203
}