{
  "accuracy": 0.9276315789473685,
  "recall": 0.8397435897435898,
  "f1": 0.8264984227129337,
  "roc_auc": 0.9668303723042962,
  "pr_auc": 0.8911480889934051
}