{
  "accuracy": 0.8947368421052632,
  "precision": 0.6800947867298578,
  "recall": 0.9198717948717948,
  "f1": 0.782016348773842,
  "roc_auc": 0.9668303723042962,
  "pr_auc": 0.8911480889934051
}