{
  "accuracy": 0.9098684210526315,
  "precision": 0.7139364303178484,
  "recall": 0.9358974358974359,
  "f1": 0.8099861303744799,
  "roc_auc": 0.9741891662421465,
  "pr_auc": 0.9360865396204248
}