{
  "folds": 5,
  "media": {
    "accuracy": 0.9098831616788102,
    "precision": 0.7177449776289702,
    "recall": 0.9270690289848114,
    "f1": 0.8088567626214838,
    "roc_auc": 0.9692360853724207,
    "pr_auc": 0.9178556140155891
  },
  "desviacion_estandar": {
    "accuracy": 0.007710809931662203,
    "precision": 0.021440031385147728,
    "recall": 0.012230006294105531,
    "f1": 0.013732448482716549,
    "roc_auc": 0.0044814642307775265,
    "pr_auc": 0.011008797267148662
  }
}