{
  "folds": 5,
  "media": {
    "accuracy": 0.9009416900403977,
    "precision": 0.693685680708286,
    "recall": 0.9282165778396634,
    "f1": 0.7938766231764992,
    "roc_auc": 0.9672081506337061,
    "pr_auc": 0.912685303908456
  },
  "desviacion_estandar": {
    "accuracy": 0.005446921833974428,
    "precision": 0.013453256387084956,
    "recall": 0.012919871920906623,
    "f1": 0.009716102305339609,
    "roc_auc": 0.0038891113032115667,
    "pr_auc": 0.00948359660053381
  }
}