{
  "accuracy": 0.9515050167224081,
  "f1_macro": 0.9515021178817994,
  "f1_micro": 0.9515050167224081
}