modelo,features_recomendadas,pr_auc_base_cv,pr_auc_final_cv,ganancia_pr_auc,recall_base_cv,recall_final_cv,ganancia_recall,f1_base_cv,f1_final_cv,ganancia_f1,roc_auc_base_cv,roc_auc_final_cv,ganancia_roc_auc
regresion_logistica,edad_x_habito_intestinal,0.8984881751128155,0.9036523103376538,0.005164135224838273,0.9139895775687142,0.9130280391071757,-0.0009615384615385691,0.8362150120537502,0.8364484436730162,0.0002334316192660335,0.9716834907611418,0.9724921121392424,0.0008086213781005602
random_forest,,0.9137955329882377,0.9137955329882377,0.0,0.848644161593802,0.848644161593802,0.0,0.8493298800407709,0.8493298800407709,0.0,0.9681918298376111,0.9681918298376111,0.0
xgboost,"n_sintomas,riesgo_familiar_x_edad",0.9316240853086363,0.9332746094336277,0.0016505241249914482,0.8486372440509132,0.8510410902047593,0.0024038461538460343,0.8622957476547415,0.8657851387558194,0.003489391101077932,0.9773959948142776,0.9776722239026743,0.00027622908839664007
