{
  "accuracy": 0.9375,
  "recall": 0.907051282051282,
  "f1": 0.8562783661119516,
  "roc_auc": 0.9585588597384955,
  "pr_auc": 0.8835738495346284
}