{
  "accuracy": 0.9375,
  "recall": 0.907051282051282,
  "f1": 0.8562783661119516,
  "roc_auc": 0.9586039650195279,
  "pr_auc": 0.8837370386719513
}