{
  "accuracy": 0.9013157894736842,
  "precision": 0.6985294117647058,
  "recall": 0.9134615384615384,
  "f1": 0.7916666666666666,
  "roc_auc": 0.9478105365936492,
  "pr_auc": 0.8432101929934879
}