{
  "accuracy": 0.9157894736842105,
  "precision": 0.7288557213930348,
  "recall": 0.9391025641025641,
  "f1": 0.8207282913165266,
  "roc_auc": 0.959220846068942,
  "pr_auc": 0.902584655336726
}