{
  "folds": 5,
  "media": {
    "accuracy": 0.9062825622866958,
    "precision": 0.7054419868941629,
    "recall": 0.9344344680782959,
    "f1": 0.8037850176394674,
    "roc_auc": 0.9581281374102719,
    "pr_auc": 0.8761793758993652
  },
  "desviacion_estandar": {
    "accuracy": 0.003612311540279583,
    "precision": 0.010479652317300012,
    "recall": 0.017698670893764694,
    "f1": 0.007052215166579917,
    "roc_auc": 0.005885660177596683,
    "pr_auc": 0.025342667695431944
  }
}