{
  "accuracy": 0.9269736842105263,
  "recall": 0.8910256410256411,
  "f1": 0.8335832083958021,
  "roc_auc": 0.9478105365936492,
  "pr_auc": 0.8432101929934879
}