{
  "accuracy": 0.9144736842105263,
  "precision": 0.7275,
  "recall": 0.9326923076923077,
  "f1": 0.8174157303370787,
  "roc_auc": 0.9586039650195279,
  "pr_auc": 0.8837370386719513
}