{
  "accuracy": 0.9118421052631579,
  "precision": 0.7305699481865285,
  "recall": 0.9038461538461539,
  "f1": 0.8080229226361032,
  "roc_auc": 0.952347597215147,
  "pr_auc": 0.87371750400334
}