{
  "folds": 5,
  "media": {
    "accuracy": 0.9103471310809617,
    "precision": 0.7172603876618548,
    "recall": 0.932158576207167,
    "f1": 0.8104786963420434,
    "roc_auc": 0.9577281586050226,
    "pr_auc": 0.8811452118947296
  },
  "desviacion_estandar": {
    "accuracy": 0.006917421837058316,
    "precision": 0.020027951657828353,
    "recall": 0.011758987824146907,
    "f1": 0.011967589596085258,
    "roc_auc": 0.008433659804347569,
    "pr_auc": 0.024355908981210723
  }
}