{
  "accuracy": 0.9032894736842105,
  "precision": 0.7057356608478803,
  "recall": 0.907051282051282,
  "f1": 0.7938288920056101,
  "roc_auc": 0.9650248344370862,
  "pr_auc": 0.8877893938559955
}