{
  "accuracy": 0.9157894736842105,
  "precision": 0.7323232323232324,
  "recall": 0.9294871794871795,
  "f1": 0.8192090395480226,
  "roc_auc": 0.9750501464595007,
  "pr_auc": 0.9020903678482891
}