{
  "accuracy": 0.9276315789473685,
  "recall": 0.9198717948717948,
  "f1": 0.8391812865497076,
  "roc_auc": 0.9723292367125148,
  "pr_auc": 0.8995470674856059
}