{
  "folds": 5,
  "media": {
    "accuracy": 0.9053541516262522,
    "precision": 0.7048343238153817,
    "recall": 0.9282165778396634,
    "f1": 0.8011577488701406,
    "roc_auc": 0.9706601029926354,
    "pr_auc": 0.8922637529288794
  },
  "desviacion_estandar": {
    "accuracy": 0.0037851187019307384,
    "precision": 0.008931674952597984,
    "recall": 0.015399531422394547,
    "f1": 0.00799591656772949,
    "roc_auc": 0.004212097609469601,
    "pr_auc": 0.0111659470371462
  }
}