{
  "accuracy": 0.8980263157894737,
  "precision": 0.689156626506024,
  "recall": 0.9166666666666666,
  "f1": 0.7867950481430537,
  "roc_auc": 0.9697701753268807,
  "pr_auc": 0.8754545370188359
}