{
  "folds": 5,
  "media": {
    "accuracy": 0.9124374537833763,
    "precision": 0.7246455074130067,
    "recall": 0.9287703461852403,
    "f1": 0.8136867229073552,
    "roc_auc": 0.9716336856990132,
    "pr_auc": 0.8986873586595496
  },
  "desviacion_estandar": {
    "accuracy": 0.008734452213595938,
    "precision": 0.02687671307788517,
    "recall": 0.011514897316316079,
    "f1": 0.014401490410879311,
    "roc_auc": 0.00452910291959475,
    "pr_auc": 0.026703329532265115
  }
}