{
  "accuracy": 0.9105263157894737,
  "precision": 0.7178217821782178,
  "recall": 0.9294871794871795,
  "f1": 0.8100558659217877,
  "roc_auc": 0.9723292367125149,
  "pr_auc": 0.8995470674856059
}