{
  "accuracy": 0.9190789473684211,
  "recall": 0.9006410256410257,
  "f1": 0.8204379562043795,
  "roc_auc": 0.9697701753268807,
  "pr_auc": 0.8754545370188359
}