{
  "accuracy": 0.9480263157894737,
  "recall": 0.8461538461538461,
  "f1": 0.8698517298187809,
  "roc_auc": 0.9823266895907625,
  "pr_auc": 0.9493861005656953
}