{
  "accuracy": 0.9375,
  "recall": 0.8237179487179487,
  "f1": 0.8440065681444991,
  "roc_auc": 0.9730708205977245,
  "pr_auc": 0.9122564850495721
}